5/2/2023 4:36:21 PM,Rock.Bus.BusException,"A message publish attempt could not be published before the message bus was able to be ready: Queue: rock-cache-queue
MessageType: Rock.Bus.Message.CacheWasUpdatedMessage
{"Key":"DefinedTypeCache:All","Region":"AllItems","CacheTypeName":"System.Collections.Generic.List`1[[System.String, mscorlib, Version=4.0.0.0, Culture=neutral, PublicKeyToken=b77a5c561934e089]], mscorlib, Version=4.0.0.0, Culture=neutral, PublicKeyToken=b77a5c561934e089","SenderNodeName":"KFSMIGRATION"}",""
5/2/2023 4:36:21 PM,Rock.Bus.BusException,"A message publish attempt could not be published before the message bus was able to be ready: Queue: rock-cache-queue
MessageType: Rock.Bus.Message.CacheWasUpdatedMessage
{"Key":"GroupTypeCache:56","Region":null,"CacheTypeName":"Rock.Web.Cache.GroupTypeCache, Rock, Version=1.14.0.18, Culture=neutral, PublicKeyToken=null","SenderNodeName":"KFSMIGRATION"}",""
5/2/2023 4:36:21 PM,Rock.Bus.BusException,"A message publish attempt could not be published before the message bus was able to be ready: Queue: rock-cache-queue
MessageType: Rock.Bus.Message.CacheWasUpdatedMessage
{"Key":null,"Region":null,"CacheTypeName":"Rock.Web.Cache.DefinedTypeCache, Rock, Version=1.14.0.18, Culture=neutral, PublicKeyToken=null","SenderNodeName":"KFSMIGRATION"}",""
5/2/2023 4:36:21 PM,Rock.Bus.BusException,"A message publish attempt could not be published before the message bus was able to be ready: Queue: rock-cache-queue
MessageType: Rock.Bus.Message.CacheWasUpdatedMessage
{"Key":null,"Region":null,"CacheTypeName":"Rock.Web.Cache.DefinedTypeCache, Rock, Version=1.14.0.18, Culture=neutral, PublicKeyToken=null","SenderNodeName":"KFSMIGRATION"}",""
5/2/2023 4:36:21 PM,Rock.Bus.BusException,"A message publish attempt could not be published before the message bus was able to be ready: Queue: rock-cache-queue
MessageType: Rock.Bus.Message.CacheWasUpdatedMessage
{"Key":"DefinedTypeCache:All","Region":"AllItems","CacheTypeName":"System.Collections.Generic.List`1[[System.String, mscorlib, Version=4.0.0.0, Culture=neutral, PublicKeyToken=b77a5c561934e089]], mscorlib, Version=4.0.0.0, Culture=neutral, PublicKeyToken=b77a5c561934e089","SenderNodeName":"KFSMIGRATION"}",""
5/2/2023 4:36:21 PM,Rock.Bus.BusException,"A message publish attempt could not be published before the message bus was able to be ready: Queue: rock-cache-queue
MessageType: Rock.Bus.Message.CacheWasUpdatedMessage
{"Key":null,"Region":null,"CacheTypeName":"Rock.Web.Cache.DefinedTypeCache, Rock, Version=1.14.0.18, Culture=neutral, PublicKeyToken=null","SenderNodeName":"KFSMIGRATION"}",""
